location,time,count
Rio Salado Pkwy & Mill Ave,16,4
Rio Salado Pkwy & Mill Ave,16,3
Rio Salado Pkwy & Mill Ave,16,2
Rio Salado Pkwy & Mill Ave,16,1
Rio Salado Pkwy & Mill Ave,16.25,5
Rio Salado Pkwy & Mill Ave,16.25,2
Rio Salado Pkwy & Mill Ave,16.25,0
Rio Salado Pkwy & Mill Ave,16.25,2
Rio Salado Pkwy & Mill Ave,16.5,6
Rio Salado Pkwy & Mill Ave,16.5,6
Rio Salado Pkwy & Mill Ave,16.5,0
Rio Salado Pkwy & Mill Ave,16.5,0
Rio Salado Pkwy & Mill Ave,16.75,0
Rio Salado Pkwy & Mill Ave,16.75,7
Rio Salado Pkwy & Mill Ave,16.75,1
Rio Salado Pkwy & Mill Ave,16.75,1
Rio Salado Pkwy & Mill Ave,17,2
Rio Salado Pkwy & Mill Ave,17,4
Rio Salado Pkwy & Mill Ave,17,0
Rio Salado Pkwy & Mill Ave,17,1
Rio Salado Pkwy & Mill Ave,17.25,3
Rio Salado Pkwy & Mill Ave,17.25,3
Rio Salado Pkwy & Mill Ave,17.25,2
Rio Salado Pkwy & Mill Ave,17.25,1
Rio Salado Pkwy & Mill Ave,17.5,7
Rio Salado Pkwy & Mill Ave,17.5,4
Rio Salado Pkwy & Mill Ave,17.5,3
Rio Salado Pkwy & Mill Ave,17.5,0
Rio Salado Pkwy & Mill Ave,17.75,1
Rio Salado Pkwy & Mill Ave,17.75,5
Rio Salado Pkwy & Mill Ave,17.75,0
Rio Salado Pkwy & Mill Ave,17.75,1
Rio Salado Pkwy & Mill Ave,7,2
Rio Salado Pkwy & Mill Ave,7,1
Rio Salado Pkwy & Mill Ave,7,0
Rio Salado Pkwy & Mill Ave,7,0
Rio Salado Pkwy & Mill Ave,7.25,1
Rio Salado Pkwy & Mill Ave,7.25,5
Rio Salado Pkwy & Mill Ave,7.25,1
Rio Salado Pkwy & Mill Ave,7.25,0
Rio Salado Pkwy & Mill Ave,7.5,0
Rio Salado Pkwy & Mill Ave,7.5,0
Rio Salado Pkwy & Mill Ave,7.5,0
Rio Salado Pkwy & Mill Ave,7.5,0
Rio Salado Pkwy & Mill Ave,7.75,0
Rio Salado Pkwy & Mill Ave,7.75,0
Rio Salado Pkwy & Mill Ave,7.75,1
Rio Salado Pkwy & Mill Ave,7.75,0
Rio Salado Pkwy & Mill Ave,8,0
Rio Salado Pkwy & Mill Ave,8,0
Rio Salado Pkwy & Mill Ave,8,2
Rio Salado Pkwy & Mill Ave,8,1
Rio Salado Pkwy & Mill Ave,8.25,2
Rio Salado Pkwy & Mill Ave,8.25,4
Rio Salado Pkwy & Mill Ave,8.25,0
Rio Salado Pkwy & Mill Ave,8.25,1
Rio Salado Pkwy & Mill Ave,8.5,1
Rio Salado Pkwy & Mill Ave,8.5,2
Rio Salado Pkwy & Mill Ave,8.5,1
Rio Salado Pkwy & Mill Ave,8.5,0
Rio Salado Pkwy & Mill Ave,8.75,1
Rio Salado Pkwy & Mill Ave,8.75,1
Rio Salado Pkwy & Mill Ave,8.75,2
Rio Salado Pkwy & Mill Ave,8.75,1
Rio Salado Pkwy & Mill Ave,16,0
Rio Salado Pkwy & Mill Ave,16,0
Rio Salado Pkwy & Mill Ave,16,0
Rio Salado Pkwy & Mill Ave,16,0
Rio Salado Pkwy & Mill Ave,16.25,4
Rio Salado Pkwy & Mill Ave,16.25,1
Rio Salado Pkwy & Mill Ave,16.25,0
Rio Salado Pkwy & Mill Ave,16.25,0
Rio Salado Pkwy & Mill Ave,16.5,3
Rio Salado Pkwy & Mill Ave,16.5,0
Rio Salado Pkwy & Mill Ave,16.5,2
Rio Salado Pkwy & Mill Ave,16.5,3
Rio Salado Pkwy & Mill Ave,16.75,3
Rio Salado Pkwy & Mill Ave,16.75,4
Rio Salado Pkwy & Mill Ave,16.75,2
Rio Salado Pkwy & Mill Ave,16.75,0
Rio Salado Pkwy & Mill Ave,17,3
Rio Salado Pkwy & Mill Ave,17,10
Rio Salado Pkwy & Mill Ave,17,1
Rio Salado Pkwy & Mill Ave,17,1
Rio Salado Pkwy & Mill Ave,17.25,1
Rio Salado Pkwy & Mill Ave,17.25,2
Rio Salado Pkwy & Mill Ave,17.25,0
Rio Salado Pkwy & Mill Ave,17.25,1
Rio Salado Pkwy & Mill Ave,17.5,4
Rio Salado Pkwy & Mill Ave,17.5,4
Rio Salado Pkwy & Mill Ave,17.5,2
Rio Salado Pkwy & Mill Ave,17.5,3
Rio Salado Pkwy & Mill Ave,17.75,2
Rio Salado Pkwy & Mill Ave,17.75,7
Rio Salado Pkwy & Mill Ave,17.75,3
Rio Salado Pkwy & Mill Ave,17.75,0
5th St & Mill Ave,7,0
5th St & Mill Ave,7,1
5th St & Mill Ave,7,0
5th St & Mill Ave,7,1
5th St & Mill Ave,7.25,1
5th St & Mill Ave,7.25,2
5th St & Mill Ave,7.25,1
5th St & Mill Ave,7.25,0
5th St & Mill Ave,7.5,1
5th St & Mill Ave,7.5,1
5th St & Mill Ave,7.5,0
5th St & Mill Ave,7.5,0
5th St & Mill Ave,7.75,1
5th St & Mill Ave,7.75,0
5th St & Mill Ave,7.75,2
5th St & Mill Ave,7.75,2
5th St & Mill Ave,8,1
5th St & Mill Ave,8,5
5th St & Mill Ave,8,0
5th St & Mill Ave,8,1
5th St & Mill Ave,8.25,1
5th St & Mill Ave,8.25,3
5th St & Mill Ave,8.25,2
5th St & Mill Ave,8.25,0
5th St & Mill Ave,8.5,1
5th St & Mill Ave,8.5,3
5th St & Mill Ave,8.5,4
5th St & Mill Ave,8.5,1
5th St & Mill Ave,8.75,1
5th St & Mill Ave,8.75,2
5th St & Mill Ave,8.75,5
5th St & Mill Ave,8.75,0
5th St & Mill Ave,16,4
5th St & Mill Ave,16,4
5th St & Mill Ave,16,7
5th St & Mill Ave,16,3
5th St & Mill Ave,16.25,2
5th St & Mill Ave,16.25,3
5th St & Mill Ave,16.25,2
5th St & Mill Ave,16.25,8
5th St & Mill Ave,16.5,5
5th St & Mill Ave,16.5,4
5th St & Mill Ave,16.5,0
5th St & Mill Ave,16.5,4
5th St & Mill Ave,16.75,0
5th St & Mill Ave,16.75,2
5th St & Mill Ave,16.75,1
5th St & Mill Ave,16.75,2
5th St & Mill Ave,17,0
5th St & Mill Ave,17,3
5th St & Mill Ave,17,0
5th St & Mill Ave,17,2
5th St & Mill Ave,17.25,3
5th St & Mill Ave,17.25,2
5th St & Mill Ave,17.25,4
5th St & Mill Ave,17.25,1
5th St & Mill Ave,17.5,8
5th St & Mill Ave,17.5,6
5th St & Mill Ave,17.5,2
5th St & Mill Ave,17.5,0
5th St & Mill Ave,17.75,2
5th St & Mill Ave,17.75,1
5th St & Mill Ave,17.75,1
5th St & Mill Ave,17.75,7
5th St & Mill Ave,16,0
5th St & Mill Ave,16,3
5th St & Mill Ave,16,2
5th St & Mill Ave,16,3
5th St & Mill Ave,16.25,5
5th St & Mill Ave,16.25,4
5th St & Mill Ave,16.25,3
5th St & Mill Ave,16.25,3
5th St & Mill Ave,16.5,2
5th St & Mill Ave,16.5,2
5th St & Mill Ave,16.5,1
5th St & Mill Ave,16.5,3
5th St & Mill Ave,16.75,1
5th St & Mill Ave,16.75,5
5th St & Mill Ave,16.75,6
5th St & Mill Ave,16.75,5
5th St & Mill Ave,17,3
5th St & Mill Ave,17,5
5th St & Mill Ave,17,0
5th St & Mill Ave,17,4
5th St & Mill Ave,17.25,1
5th St & Mill Ave,17.25,4
5th St & Mill Ave,17.25,0
5th St & Mill Ave,17.25,2
5th St & Mill Ave,17.5,5
5th St & Mill Ave,17.5,8
5th St & Mill Ave,17.5,0
5th St & Mill Ave,17.75,2
5th St & Mill Ave,17.75,3
5th St & Mill Ave,17.75,6
5th St & Mill Ave,17.75,3
5th St & Mill Ave,16,2
5th St & Mill Ave,16,11
5th St & Mill Ave,16,2
5th St & Mill Ave,16,11
5th St & Mill Ave,16.25,0
5th St & Mill Ave,16.25,0
5th St & Mill Ave,16.25,0
5th St & Mill Ave,16.25,0
5th St & Mill Ave,16.5,2
5th St & Mill Ave,16.5,3
5th St & Mill Ave,16.5,2
5th St & Mill Ave,16.5,3
5th St & Mill Ave,16.75,2
5th St & Mill Ave,16.75,1
5th St & Mill Ave,16.75,2
5th St & Mill Ave,16.75,3
5th St & Mill Ave,17,5
5th St & Mill Ave,17,2
5th St & Mill Ave,17,4
5th St & Mill Ave,17,5
5th St & Mill Ave,17.25,2
5th St & Mill Ave,17.25,3
5th St & Mill Ave,17.25,2
5th St & Mill Ave,17.25,2
5th St & Mill Ave,17.5,1
5th St & Mill Ave,17.5,1
5th St & Mill Ave,17.5,0
5th St & Mill Ave,17.5,6
5th St & Mill Ave,17.75,0
5th St & Mill Ave,17.75,3
5th St & Mill Ave,17.75,2
5th St & Mill Ave,17.75,1
13th St & Mill Ave,7,0
13th St & Mill Ave,7,1
13th St & Mill Ave,7,5
13th St & Mill Ave,7,1
13th St & Mill Ave,7.25,0
13th St & Mill Ave,7.25,0
13th St & Mill Ave,7.25,3
13th St & Mill Ave,7.25,1
13th St & Mill Ave,7.5,1
13th St & Mill Ave,7.5,0
13th St & Mill Ave,7.5,1
13th St & Mill Ave,7.5,2
13th St & Mill Ave,7.75,0
13th St & Mill Ave,7.75,0
13th St & Mill Ave,7.75,1
13th St & Mill Ave,7.75,1
13th St & Mill Ave,8,0
13th St & Mill Ave,8,0
13th St & Mill Ave,8,2
13th St & Mill Ave,8,1
13th St & Mill Ave,8.25,0
13th St & Mill Ave,8.25,0
13th St & Mill Ave,8.25,5
13th St & Mill Ave,8.25,1
13th St & Mill Ave,8.5,0
13th St & Mill Ave,8.5,0
13th St & Mill Ave,8.5,5
13th St & Mill Ave,8.5,1
13th St & Mill Ave,8.75,2
13th St & Mill Ave,8.75,0
13th St & Mill Ave,8.75,6
13th St & Mill Ave,8.75,4
13th St & Mill Ave,16,0
13th St & Mill Ave,16,3
13th St & Mill Ave,16,1
13th St & Mill Ave,16,1
13th St & Mill Ave,16.25,1
13th St & Mill Ave,16.25,0
13th St & Mill Ave,16.25,3
13th St & Mill Ave,16.25,4
13th St & Mill Ave,16.5,0
13th St & Mill Ave,16.5,3
13th St & Mill Ave,16.5,4
13th St & Mill Ave,16.5,4
13th St & Mill Ave,16.75,2
13th St & Mill Ave,16.75,1
13th St & Mill Ave,16.75,1
13th St & Mill Ave,16.75,1
13th St & Mill Ave,17,0
13th St & Mill Ave,17,0
13th St & Mill Ave,17,0
13th St & Mill Ave,17,2
13th St & Mill Ave,17.25,0
13th St & Mill Ave,17.25,1
13th St & Mill Ave,17.25,1
13th St & Mill Ave,17.25,2
13th St & Mill Ave,17.5,4
13th St & Mill Ave,17.5,0
13th St & Mill Ave,17.5,0
13th St & Mill Ave,17.5,0
13th St & Mill Ave,17.75,1
13th St & Mill Ave,17.75,1
13th St & Mill Ave,17.75,4
13th St & Mill Ave,17.75,3
13th St & Mill Ave,16,1
13th St & Mill Ave,16,1
13th St & Mill Ave,16,3
13th St & Mill Ave,16,3
13th St & Mill Ave,16.25,4
13th St & Mill Ave,16.25,0
13th St & Mill Ave,16.25,2
13th St & Mill Ave,16.25,3
13th St & Mill Ave,16.5,1
13th St & Mill Ave,16.5,0
13th St & Mill Ave,16.5,1
13th St & Mill Ave,16.5,1
13th St & Mill Ave,16.75,0
13th St & Mill Ave,16.75,1
13th St & Mill Ave,16.75,0
13th St & Mill Ave,16.75,2
13th St & Mill Ave,17,0
13th St & Mill Ave,17,1
13th St & Mill Ave,17,0
13th St & Mill Ave,17,4
13th St & Mill Ave,17.25,0
13th St & Mill Ave,17.25,0
13th St & Mill Ave,17.25,0
13th St & Mill Ave,17.25,1
13th St & Mill Ave,17.5,2
13th St & Mill Ave,17.5,0
13th St & Mill Ave,17.5,0
13th St & Mill Ave,17.5,4
13th St & Mill Ave,17.75,0
13th St & Mill Ave,17.75,2
13th St & Mill Ave,17.75,1
13th St & Mill Ave,17.75,4
Hardy Dr & 13th St,7,0
Hardy Dr & 13th St,7,1
Hardy Dr & 13th St,7,3
Hardy Dr & 13th St,7,1
Hardy Dr & 13th St,7.25,2
Hardy Dr & 13th St,7.25,1
Hardy Dr & 13th St,7.25,1
Hardy Dr & 13th St,7.25,0
Hardy Dr & 13th St,7.5,0
Hardy Dr & 13th St,7.5,2
Hardy Dr & 13th St,7.5,0
Hardy Dr & 13th St,7.5,1
Hardy Dr & 13th St,7.75,3
Hardy Dr & 13th St,7.75,1
Hardy Dr & 13th St,7.75,3
Hardy Dr & 13th St,7.75,0
Hardy Dr & 13th St,8,2
Hardy Dr & 13th St,8,0
Hardy Dr & 13th St,8,2
Hardy Dr & 13th St,8,0
Hardy Dr & 13th St,8.25,0
Hardy Dr & 13th St,8.25,0
Hardy Dr & 13th St,8.25,2
Hardy Dr & 13th St,8.25,1
Hardy Dr & 13th St,8.5,3
Hardy Dr & 13th St,8.5,0
Hardy Dr & 13th St,8.5,0
Hardy Dr & 13th St,8.5,0
Hardy Dr & 13th St,8.75,3
Hardy Dr & 13th St,8.75,2
Hardy Dr & 13th St,8.75,0
Hardy Dr & 13th St,8.75,1
Hardy Dr & 13th St,16,0
Hardy Dr & 13th St,16,0
Hardy Dr & 13th St,16,0
Hardy Dr & 13th St,16,3
Hardy Dr & 13th St,16.25,1
Hardy Dr & 13th St,16.25,1
Hardy Dr & 13th St,16.25,2
Hardy Dr & 13th St,16.25,4
Hardy Dr & 13th St,16.5,0
Hardy Dr & 13th St,16.5,3
Hardy Dr & 13th St,16.5,0
Hardy Dr & 13th St,16.5,3
Hardy Dr & 13th St,16.75,4
Hardy Dr & 13th St,16.75,2
Hardy Dr & 13th St,16.75,0
Hardy Dr & 13th St,16.75,3
Hardy Dr & 13th St,17,1
Hardy Dr & 13th St,17,2
Hardy Dr & 13th St,17,0
Hardy Dr & 13th St,17,0
Hardy Dr & 13th St,17.25,0
Hardy Dr & 13th St,17.25,3
Hardy Dr & 13th St,17.25,0
Hardy Dr & 13th St,17.25,2
Hardy Dr & 13th St,17.5,3
Hardy Dr & 13th St,17.5,1
Hardy Dr & 13th St,17.5,3
Hardy Dr & 13th St,17.5,4
Hardy Dr & 13th St,17.75,4
Hardy Dr & 13th St,17.75,2
Hardy Dr & 13th St,17.75,0
Hardy Dr & 13th St,17.75,3
University Dr & College Ave,7,0
University Dr & College Ave,7,1
University Dr & College Ave,7,1
University Dr & College Ave,7,3
University Dr & College Ave,7.25,0
University Dr & College Ave,7.25,1
University Dr & College Ave,7.25,0
University Dr & College Ave,7.25,1
University Dr & College Ave,7.5,1
University Dr & College Ave,7.5,1
University Dr & College Ave,7.5,1
University Dr & College Ave,7.5,2
University Dr & College Ave,7.75,4
University Dr & College Ave,7.75,8
University Dr & College Ave,7.75,0
University Dr & College Ave,7.75,5
University Dr & College Ave,8,2
University Dr & College Ave,8,1
University Dr & College Ave,8,4
University Dr & College Ave,8,2
University Dr & College Ave,8.25,0
University Dr & College Ave,8.25,2
University Dr & College Ave,8.25,2
University Dr & College Ave,8.25,2
University Dr & College Ave,8.5,1
University Dr & College Ave,8.5,3
University Dr & College Ave,8.5,1
University Dr & College Ave,8.5,0
University Dr & College Ave,8.75,2
University Dr & College Ave,8.75,6
University Dr & College Ave,8.75,3
University Dr & College Ave,8.75,7
University Dr & College Ave,16,3
University Dr & College Ave,16,5
University Dr & College Ave,16,1
University Dr & College Ave,16,7
University Dr & College Ave,16.25,4
University Dr & College Ave,16.25,8
University Dr & College Ave,16.25,6
University Dr & College Ave,16.25,8
University Dr & College Ave,16.5,3
University Dr & College Ave,16.5,4
University Dr & College Ave,16.5,2
University Dr & College Ave,16.5,6
University Dr & College Ave,16.75,2
University Dr & College Ave,16.75,1
University Dr & College Ave,16.75,1
University Dr & College Ave,16.75,5
University Dr & College Ave,17,6
University Dr & College Ave,17,2
University Dr & College Ave,17,2
University Dr & College Ave,17,2
University Dr & College Ave,17.25,3
University Dr & College Ave,17.25,4
University Dr & College Ave,17.25,2
University Dr & College Ave,17.25,2
University Dr & College Ave,17.5,8
University Dr & College Ave,17.5,3
University Dr & College Ave,17.5,0
University Dr & College Ave,17.5,0
University Dr & College Ave,17.75,2
University Dr & College Ave,17.75,2
University Dr & College Ave,17.75,2
University Dr & College Ave,17.75,4
University Dr & Ash Ave,7,1
University Dr & Ash Ave,7,1
University Dr & Ash Ave,7,1
University Dr & Ash Ave,7,0
University Dr & Ash Ave,7.25,0
University Dr & Ash Ave,7.25,1
University Dr & Ash Ave,7.25,1
University Dr & Ash Ave,7.25,2
University Dr & Ash Ave,7.5,0
University Dr & Ash Ave,7.5,0
University Dr & Ash Ave,7.5,3
University Dr & Ash Ave,7.5,1
University Dr & Ash Ave,7.75,0
University Dr & Ash Ave,7.75,0
University Dr & Ash Ave,7.75,1
University Dr & Ash Ave,7.75,2
University Dr & Ash Ave,8,1
University Dr & Ash Ave,8,0
University Dr & Ash Ave,8,4
University Dr & Ash Ave,8,2
University Dr & Ash Ave,8.25,1
University Dr & Ash Ave,8.25,3
University Dr & Ash Ave,8.25,4
University Dr & Ash Ave,8.25,3
University Dr & Ash Ave,8.5,0
University Dr & Ash Ave,8.5,1
University Dr & Ash Ave,8.5,3
University Dr & Ash Ave,8.5,1
University Dr & Ash Ave,8.75,1
University Dr & Ash Ave,8.75,1
University Dr & Ash Ave,8.75,4
University Dr & Ash Ave,8.75,0
University Dr & Ash Ave,16,5
University Dr & Ash Ave,16,5
University Dr & Ash Ave,16,5
University Dr & Ash Ave,16,3
University Dr & Ash Ave,16.25,1
University Dr & Ash Ave,16.25,3
University Dr & Ash Ave,16.25,0
University Dr & Ash Ave,16.25,5
University Dr & Ash Ave,16.5,0
University Dr & Ash Ave,16.5,1
University Dr & Ash Ave,16.5,4
University Dr & Ash Ave,16.5,2
University Dr & Ash Ave,16.75,0
University Dr & Ash Ave,16.75,2
University Dr & Ash Ave,16.75,1
University Dr & Ash Ave,16.75,4
University Dr & Ash Ave,17,1
University Dr & Ash Ave,17,1
University Dr & Ash Ave,17,2
University Dr & Ash Ave,17,4
University Dr & Ash Ave,17.25,6
University Dr & Ash Ave,17.25,2
University Dr & Ash Ave,17.25,4
University Dr & Ash Ave,17.25,3
University Dr & Ash Ave,17.5,1
University Dr & Ash Ave,17.5,3
University Dr & Ash Ave,17.5,3
University Dr & Ash Ave,17.5,6
University Dr & Ash Ave,17.75,1
University Dr & Ash Ave,17.75,1
University Dr & Ash Ave,17.75,1
University Dr & Ash Ave,17.75,5
University Dr & Ash Ave,7,2
University Dr & Ash Ave,7,0
University Dr & Ash Ave,7,1
University Dr & Ash Ave,7,0
University Dr & Ash Ave,7.25,0
University Dr & Ash Ave,7.25,1
University Dr & Ash Ave,7.25,1
University Dr & Ash Ave,7.25,0
University Dr & Ash Ave,7.5,0
University Dr & Ash Ave,7.5,0
University Dr & Ash Ave,7.5,0
University Dr & Ash Ave,7.5,4
University Dr & Ash Ave,7.75,2
University Dr & Ash Ave,7.75,0
University Dr & Ash Ave,7.75,0
University Dr & Ash Ave,7.75,1
University Dr & Ash Ave,8,1
University Dr & Ash Ave,8,0
University Dr & Ash Ave,8,6
University Dr & Ash Ave,8,1
University Dr & Ash Ave,8.25,0
University Dr & Ash Ave,8.25,0
University Dr & Ash Ave,8.25,5
University Dr & Ash Ave,8.25,1
University Dr & Ash Ave,8.5,1
University Dr & Ash Ave,8.5,1
University Dr & Ash Ave,8.5,1
University Dr & Ash Ave,8.5,1
University Dr & Ash Ave,8.75,5
University Dr & Ash Ave,8.75,1
University Dr & Ash Ave,8.75,5
University Dr & Ash Ave,8.75,1
University Dr & Roosevelt Rd,7,1
University Dr & Roosevelt Rd,7,1
University Dr & Roosevelt Rd,7,0
University Dr & Roosevelt Rd,7,0
University Dr & Roosevelt Rd,7.25,0
University Dr & Roosevelt Rd,7.25,0
University Dr & Roosevelt Rd,7.25,1
University Dr & Roosevelt Rd,7.25,0
University Dr & Roosevelt Rd,7.5,0
University Dr & Roosevelt Rd,7.5,1
University Dr & Roosevelt Rd,7.5,1
University Dr & Roosevelt Rd,7.5,0
University Dr & Roosevelt Rd,7.75,0
University Dr & Roosevelt Rd,7.75,0
University Dr & Roosevelt Rd,7.75,1
University Dr & Roosevelt Rd,7.75,1
University Dr & Roosevelt Rd,8,1
University Dr & Roosevelt Rd,8,1
University Dr & Roosevelt Rd,8,2
University Dr & Roosevelt Rd,8,0
University Dr & Roosevelt Rd,8.25,0
University Dr & Roosevelt Rd,8.25,0
University Dr & Roosevelt Rd,8.25,1
University Dr & Roosevelt Rd,8.25,2
University Dr & Roosevelt Rd,8.5,1
University Dr & Roosevelt Rd,8.5,0
University Dr & Roosevelt Rd,8.5,1
University Dr & Roosevelt Rd,8.5,0
University Dr & Roosevelt Rd,8.75,0
University Dr & Roosevelt Rd,8.75,0
University Dr & Roosevelt Rd,8.75,2
University Dr & Roosevelt Rd,8.75,0
University Dr & Roosevelt Rd,16,2
University Dr & Roosevelt Rd,16,1
University Dr & Roosevelt Rd,16,1
University Dr & Roosevelt Rd,16,1
University Dr & Roosevelt Rd,16.25,0
University Dr & Roosevelt Rd,16.25,1
University Dr & Roosevelt Rd,16.25,0
University Dr & Roosevelt Rd,16.25,3
University Dr & Roosevelt Rd,16.5,1
University Dr & Roosevelt Rd,16.5,1
University Dr & Roosevelt Rd,16.5,3
University Dr & Roosevelt Rd,16.5,3
University Dr & Roosevelt Rd,16.75,1
University Dr & Roosevelt Rd,16.75,2
University Dr & Roosevelt Rd,16.75,2
University Dr & Roosevelt Rd,16.75,2
University Dr & Roosevelt Rd,17,1
University Dr & Roosevelt Rd,17,1
University Dr & Roosevelt Rd,17,2
University Dr & Roosevelt Rd,17,1
University Dr & Roosevelt Rd,17.25,1
University Dr & Roosevelt Rd,17.25,1
University Dr & Roosevelt Rd,17.25,1
University Dr & Roosevelt Rd,17.25,0
University Dr & Roosevelt Rd,17.5,0
University Dr & Roosevelt Rd,17.5,0
University Dr & Roosevelt Rd,17.5,1
University Dr & Roosevelt Rd,17.5,3
University Dr & Roosevelt Rd,17.75,1
University Dr & Roosevelt Rd,17.75,1
University Dr & Roosevelt Rd,17.75,3
University Dr & Roosevelt Rd,17.75,4
University Dr & Roosevelt Rd,7,2
University Dr & Roosevelt Rd,7,1
University Dr & Roosevelt Rd,7,0
University Dr & Roosevelt Rd,7,0
University Dr & Roosevelt Rd,7.25,2
University Dr & Roosevelt Rd,7.25,1
University Dr & Roosevelt Rd,7.25,1
University Dr & Roosevelt Rd,7.25,0
University Dr & Roosevelt Rd,7.5,0
University Dr & Roosevelt Rd,7.5,0
University Dr & Roosevelt Rd,7.5,1
University Dr & Roosevelt Rd,7.5,0
University Dr & Roosevelt Rd,7.75,0
University Dr & Roosevelt Rd,7.75,0
University Dr & Roosevelt Rd,7.75,3
University Dr & Roosevelt Rd,7.75,1
University Dr & Roosevelt Rd,8,2
University Dr & Roosevelt Rd,8,0
University Dr & Roosevelt Rd,8,3
University Dr & Roosevelt Rd,8,1
University Dr & Roosevelt Rd,8.25,0
University Dr & Roosevelt Rd,8.25,2
University Dr & Roosevelt Rd,8.25,1
University Dr & Roosevelt Rd,8.25,0
University Dr & Roosevelt Rd,8.5,0
University Dr & Roosevelt Rd,8.5,0
University Dr & Roosevelt Rd,8.5,1
University Dr & Roosevelt Rd,8.5,0
University Dr & Roosevelt Rd,8.75,0
University Dr & Roosevelt Rd,8.75,1
University Dr & Roosevelt Rd,8.75,3
University Dr & Roosevelt Rd,8.75,0
University Dr & Hardy Dr,7,0
University Dr & Hardy Dr,7,0
University Dr & Hardy Dr,7,0
University Dr & Hardy Dr,7,0
University Dr & Hardy Dr,7.25,0
University Dr & Hardy Dr,7.25,2
University Dr & Hardy Dr,7.25,1
University Dr & Hardy Dr,7.25,0
University Dr & Hardy Dr,7.5,0
University Dr & Hardy Dr,7.5,1
University Dr & Hardy Dr,7.5,0
University Dr & Hardy Dr,7.5,0
University Dr & Hardy Dr,7.75,3
University Dr & Hardy Dr,7.75,0
University Dr & Hardy Dr,7.75,2
University Dr & Hardy Dr,7.75,1
University Dr & Hardy Dr,8,1
University Dr & Hardy Dr,8,1
University Dr & Hardy Dr,8,1
University Dr & Hardy Dr,8,1
University Dr & Hardy Dr,8.25,2
University Dr & Hardy Dr,8.25,2
University Dr & Hardy Dr,8.25,0
University Dr & Hardy Dr,8.25,0
University Dr & Hardy Dr,8.5,1
University Dr & Hardy Dr,8.5,0
University Dr & Hardy Dr,8.5,0
University Dr & Hardy Dr,8.5,0
University Dr & Hardy Dr,8.75,0
University Dr & Hardy Dr,8.75,1
University Dr & Hardy Dr,8.75,1
University Dr & Hardy Dr,8.75,1
University Dr & Hardy Dr,16,2
University Dr & Hardy Dr,16,1
University Dr & Hardy Dr,16,5
University Dr & Hardy Dr,16,3
University Dr & Hardy Dr,16.25,5
University Dr & Hardy Dr,16.25,2
University Dr & Hardy Dr,16.25,0
University Dr & Hardy Dr,16.25,2
University Dr & Hardy Dr,16.5,1
University Dr & Hardy Dr,16.5,1
University Dr & Hardy Dr,16.5,1
University Dr & Hardy Dr,16.5,2
University Dr & Hardy Dr,16.75,0
University Dr & Hardy Dr,16.75,1
University Dr & Hardy Dr,16.75,1
University Dr & Hardy Dr,16.75,3
University Dr & Hardy Dr,17,2
University Dr & Hardy Dr,17,2
University Dr & Hardy Dr,17,2
University Dr & Hardy Dr,17,1
University Dr & Hardy Dr,17.25,1
University Dr & Hardy Dr,17.25,0
University Dr & Hardy Dr,17.25,0
University Dr & Hardy Dr,17.25,2
University Dr & Hardy Dr,17.5,6
University Dr & Hardy Dr,17.5,1
University Dr & Hardy Dr,17.5,0
University Dr & Hardy Dr,17.5,1
University Dr & Hardy Dr,17.75,1
University Dr & Hardy Dr,17.75,0
University Dr & Hardy Dr,17.75,3
University Dr & Hardy Dr,17.75,0
Baseline Rd & Western Canal Path,16,1
Baseline Rd & Western Canal Path,16,0
Baseline Rd & Western Canal Path,16,4
Baseline Rd & Western Canal Path,16,5
Baseline Rd & Western Canal Path,16.25,0
Baseline Rd & Western Canal Path,16.25,0
Baseline Rd & Western Canal Path,16.25,1
Baseline Rd & Western Canal Path,16.25,3
Baseline Rd & Western Canal Path,16.5,0
Baseline Rd & Western Canal Path,16.5,1
Baseline Rd & Western Canal Path,16.5,0
Baseline Rd & Western Canal Path,16.5,2
Baseline Rd & Western Canal Path,16.75,2
Baseline Rd & Western Canal Path,16.75,0
Baseline Rd & Western Canal Path,16.75,4
Baseline Rd & Western Canal Path,16.75,1
Baseline Rd & Western Canal Path,17,2
Baseline Rd & Western Canal Path,17,0
Baseline Rd & Western Canal Path,17,1
Baseline Rd & Western Canal Path,17,5
Baseline Rd & Western Canal Path,17.25,0
Baseline Rd & Western Canal Path,17.25,1
Baseline Rd & Western Canal Path,17.25,2
Baseline Rd & Western Canal Path,17.25,0
Baseline Rd & Western Canal Path,17.5,2
Baseline Rd & Western Canal Path,17.5,0
Baseline Rd & Western Canal Path,17.5,2
Baseline Rd & Western Canal Path,17.5,0
Baseline Rd & Western Canal Path,17.75,0
Baseline Rd & Western Canal Path,17.75,0
Baseline Rd & Western Canal Path,17.75,1
Baseline Rd & Western Canal Path,17.75,2
Baseline Rd & Western Canal Path,16,0
Baseline Rd & Western Canal Path,16,1
Baseline Rd & Western Canal Path,16,0
Baseline Rd & Western Canal Path,16,2
Baseline Rd & Western Canal Path,16.25,1
Baseline Rd & Western Canal Path,16.25,0
Baseline Rd & Western Canal Path,16.25,1
Baseline Rd & Western Canal Path,16.25,0
Baseline Rd & Western Canal Path,16.5,0
Baseline Rd & Western Canal Path,16.5,0
Baseline Rd & Western Canal Path,16.5,3
Baseline Rd & Western Canal Path,16.5,1
Baseline Rd & Western Canal Path,16.75,1
Baseline Rd & Western Canal Path,16.75,1
Baseline Rd & Western Canal Path,16.75,2
Baseline Rd & Western Canal Path,16.75,0
Baseline Rd & Western Canal Path,17,0
Baseline Rd & Western Canal Path,17,0
Baseline Rd & Western Canal Path,17,1
Baseline Rd & Western Canal Path,17,3
Baseline Rd & Western Canal Path,17.25,1
Baseline Rd & Western Canal Path,17.25,2
Baseline Rd & Western Canal Path,17.25,0
Baseline Rd & Western Canal Path,17.25,0
Baseline Rd & Western Canal Path,17.5,0
Baseline Rd & Western Canal Path,17.5,0
Baseline Rd & Western Canal Path,17.5,3
Baseline Rd & Western Canal Path,17.5,0
Baseline Rd & Western Canal Path,17.75,0
Baseline Rd & Western Canal Path,17.75,0
Baseline Rd & Western Canal Path,17.75,0
Baseline Rd & Western Canal Path,17.75,1
Apache Blvd & Rural Rd,16,10
Apache Blvd & Rural Rd,16,8
Apache Blvd & Rural Rd,16,6
Apache Blvd & Rural Rd,16,5
Apache Blvd & Rural Rd,16.25,2
Apache Blvd & Rural Rd,16.25,5
Apache Blvd & Rural Rd,16.25,8
Apache Blvd & Rural Rd,16.25,5
Apache Blvd & Rural Rd,16.5,3
Apache Blvd & Rural Rd,16.5,8
Apache Blvd & Rural Rd,16.5,6
Apache Blvd & Rural Rd,16.5,2
Apache Blvd & Rural Rd,16.75,2
Apache Blvd & Rural Rd,16.75,2
Apache Blvd & Rural Rd,16.75,5
Apache Blvd & Rural Rd,16.75,2
Apache Blvd & Rural Rd,17,0
Apache Blvd & Rural Rd,17,4
Apache Blvd & Rural Rd,17,4
Apache Blvd & Rural Rd,17,0
Apache Blvd & Rural Rd,17.25,0
Apache Blvd & Rural Rd,17.25,4
Apache Blvd & Rural Rd,17.25,8
Apache Blvd & Rural Rd,17.25,0
Apache Blvd & Rural Rd,17.5,3
Apache Blvd & Rural Rd,17.5,3
Apache Blvd & Rural Rd,17.5,7
Apache Blvd & Rural Rd,17.5,3
Apache Blvd & Rural Rd,17.75,5
Apache Blvd & Rural Rd,17.75,5
Apache Blvd & Rural Rd,17.75,8
Apache Blvd & Rural Rd,17.75,3
Apache Blvd & Rural Rd,7,3
Apache Blvd & Rural Rd,7,2
Apache Blvd & Rural Rd,7,1
Apache Blvd & Rural Rd,7,0
Apache Blvd & Rural Rd,7.25,1
Apache Blvd & Rural Rd,7.25,2
Apache Blvd & Rural Rd,7.25,1
Apache Blvd & Rural Rd,7.25,0
Apache Blvd & Rural Rd,7.5,6
Apache Blvd & Rural Rd,7.5,1
Apache Blvd & Rural Rd,7.5,3
Apache Blvd & Rural Rd,7.5,2
Apache Blvd & Rural Rd,7.75,9
Apache Blvd & Rural Rd,7.75,2
Apache Blvd & Rural Rd,7.75,1
Apache Blvd & Rural Rd,7.75,3
Apache Blvd & Rural Rd,8,1
Apache Blvd & Rural Rd,8,0
Apache Blvd & Rural Rd,8,0
Apache Blvd & Rural Rd,8,3
Apache Blvd & Rural Rd,8.25,5
Apache Blvd & Rural Rd,8.25,0
Apache Blvd & Rural Rd,8.25,2
Apache Blvd & Rural Rd,8.25,5
Apache Blvd & Rural Rd,8.5,5
Apache Blvd & Rural Rd,8.5,2
Apache Blvd & Rural Rd,8.5,0
Apache Blvd & Rural Rd,8.5,9
Apache Blvd & Rural Rd,8.75,5
Apache Blvd & Rural Rd,8.75,1
Apache Blvd & Rural Rd,8.75,2
Apache Blvd & Rural Rd,8.75,15
Apache Blvd & Rural Rd,16,9
Apache Blvd & Rural Rd,16,3
Apache Blvd & Rural Rd,16,11
Apache Blvd & Rural Rd,16,5
Apache Blvd & Rural Rd,16.25,6
Apache Blvd & Rural Rd,16.25,5
Apache Blvd & Rural Rd,16.25,5
Apache Blvd & Rural Rd,16.25,4
Apache Blvd & Rural Rd,16.5,5
Apache Blvd & Rural Rd,16.5,7
Apache Blvd & Rural Rd,16.5,8
Apache Blvd & Rural Rd,16.5,1
Apache Blvd & Rural Rd,16.75,2
Apache Blvd & Rural Rd,16.75,3
Apache Blvd & Rural Rd,16.75,1
Apache Blvd & Rural Rd,16.75,3
Apache Blvd & Rural Rd,17,4
Apache Blvd & Rural Rd,17,8
Apache Blvd & Rural Rd,17,4
Apache Blvd & Rural Rd,17,0
Apache Blvd & Rural Rd,17.25,1
Apache Blvd & Rural Rd,17.25,3
Apache Blvd & Rural Rd,17.25,4
Apache Blvd & Rural Rd,17.25,2
Apache Blvd & Rural Rd,17.5,3
Apache Blvd & Rural Rd,17.5,5
Apache Blvd & Rural Rd,17.5,7
Apache Blvd & Rural Rd,17.5,1
Apache Blvd & Rural Rd,17.75,2
Apache Blvd & Rural Rd,17.75,6
Apache Blvd & Rural Rd,17.75,10
Apache Blvd & Rural Rd,17.75,3
Apache Blvd & College Ave,7,0
Apache Blvd & College Ave,7,5
Apache Blvd & College Ave,7,0
Apache Blvd & College Ave,7,1
Apache Blvd & College Ave,7,0
Apache Blvd & College Ave,7,0
Apache Blvd & College Ave,7,3
Apache Blvd & College Ave,7,0
Apache Blvd & College Ave,7.25,7
Apache Blvd & College Ave,7.25,0
Apache Blvd & College Ave,7.25,1
Apache Blvd & College Ave,7.25,0
Apache Blvd & College Ave,7.25,4
Apache Blvd & College Ave,7.25,0
Apache Blvd & College Ave,7.25,0
Apache Blvd & College Ave,7.25,1
Apache Blvd & College Ave,7.5,7
Apache Blvd & College Ave,7.5,0
Apache Blvd & College Ave,7.5,0
Apache Blvd & College Ave,7.5,0
Apache Blvd & College Ave,7.5,0
Apache Blvd & College Ave,7.5,0
Apache Blvd & College Ave,7.5,0
Apache Blvd & College Ave,7.5,3
Apache Blvd & College Ave,7.75,8
Apache Blvd & College Ave,7.75,9
Apache Blvd & College Ave,7.75,0
Apache Blvd & College Ave,7.75,0
Apache Blvd & College Ave,7.75,0
Apache Blvd & College Ave,7.75,1
Apache Blvd & College Ave,7.75,0
Apache Blvd & College Ave,7.75,2
Apache Blvd & College Ave,8,8
Apache Blvd & College Ave,8,0
Apache Blvd & College Ave,8,0
Apache Blvd & College Ave,8,0
Apache Blvd & College Ave,8,0
Apache Blvd & College Ave,8,2
Apache Blvd & College Ave,8,0
Apache Blvd & College Ave,8,3
Apache Blvd & College Ave,8.25,12
Apache Blvd & College Ave,8.25,0
Apache Blvd & College Ave,8.25,2
Apache Blvd & College Ave,8.25,0
Apache Blvd & College Ave,8.25,0
Apache Blvd & College Ave,8.25,0
Apache Blvd & College Ave,8.25,0
Apache Blvd & College Ave,8.25,3
Apache Blvd & College Ave,8.5,9
Apache Blvd & College Ave,8.5,0
Apache Blvd & College Ave,8.5,3
Apache Blvd & College Ave,8.5,0
Apache Blvd & College Ave,8.5,0
Apache Blvd & College Ave,8.5,1
Apache Blvd & College Ave,8.5,0
Apache Blvd & College Ave,8.5,4
Apache Blvd & College Ave,8.75,20
Apache Blvd & College Ave,8.75,19
Apache Blvd & College Ave,8.75,2
Apache Blvd & College Ave,8.75,4
Apache Blvd & College Ave,8.75,0
Apache Blvd & College Ave,8.75,4
Apache Blvd & College Ave,8.75,0
Apache Blvd & College Ave,8.75,11
Apache Blvd & College Ave,16,4
Apache Blvd & College Ave,16,16
Apache Blvd & College Ave,16,3
Apache Blvd & College Ave,16,1
Apache Blvd & College Ave,16.25,6
Apache Blvd & College Ave,16.25,11
Apache Blvd & College Ave,16.25,5
Apache Blvd & College Ave,16.25,3
Apache Blvd & College Ave,16.5,6
Apache Blvd & College Ave,16.5,9
Apache Blvd & College Ave,16.5,1
Apache Blvd & College Ave,16.5,2
Apache Blvd & College Ave,16.75,4
Apache Blvd & College Ave,16.75,14
Apache Blvd & College Ave,16.75,4
Apache Blvd & College Ave,16.75,0
Apache Blvd & College Ave,17,2
Apache Blvd & College Ave,17,9
Apache Blvd & College Ave,17,3
Apache Blvd & College Ave,17,2
Apache Blvd & College Ave,17.25,0
Apache Blvd & College Ave,17.25,13
Apache Blvd & College Ave,17.25,4
Apache Blvd & College Ave,17.25,4
Apache Blvd & College Ave,17.5,2
Apache Blvd & College Ave,17.5,10
Apache Blvd & College Ave,17.5,3
Apache Blvd & College Ave,17.5,0
Apache Blvd & College Ave,17.75,2
Apache Blvd & College Ave,17.75,16
Apache Blvd & College Ave,17.75,5
Apache Blvd & College Ave,17.75,3
Apache Blvd & College Ave,7,5
Apache Blvd & College Ave,7,0
Apache Blvd & College Ave,7,2
Apache Blvd & College Ave,7,1
Apache Blvd & College Ave,7.25,4
Apache Blvd & College Ave,7.25,0
Apache Blvd & College Ave,7.25,1
Apache Blvd & College Ave,7.25,0
Apache Blvd & College Ave,7.5,8
Apache Blvd & College Ave,7.5,0
Apache Blvd & College Ave,7.5,3
Apache Blvd & College Ave,7.5,3
Apache Blvd & College Ave,7.75,18
Apache Blvd & College Ave,7.75,1
Apache Blvd & College Ave,7.75,1
Apache Blvd & College Ave,7.75,6
Apache Blvd & College Ave,8,12
Apache Blvd & College Ave,8,1
Apache Blvd & College Ave,8,0
Apache Blvd & College Ave,8,2
Apache Blvd & College Ave,8.25,10
Apache Blvd & College Ave,8.25,0
Apache Blvd & College Ave,8.25,1
Apache Blvd & College Ave,8.25,3
Apache Blvd & College Ave,8.5,15
Apache Blvd & College Ave,8.5,1
Apache Blvd & College Ave,8.5,2
Apache Blvd & College Ave,8.5,2
Apache Blvd & College Ave,8.75,18
Apache Blvd & College Ave,8.75,1
Apache Blvd & College Ave,8.75,0
Apache Blvd & College Ave,8.75,5
Apache Blvd & College Ave,16,6
Apache Blvd & College Ave,16,12
Apache Blvd & College Ave,16,6
Apache Blvd & College Ave,16,2
Apache Blvd & College Ave,16.25,4
Apache Blvd & College Ave,16.25,18
Apache Blvd & College Ave,16.25,9
Apache Blvd & College Ave,16.25,1
Apache Blvd & College Ave,16.5,0
Apache Blvd & College Ave,16.5,10
Apache Blvd & College Ave,16.5,1
Apache Blvd & College Ave,16.5,5
Apache Blvd & College Ave,16.75,10
Apache Blvd & College Ave,16.75,12
Apache Blvd & College Ave,16.75,0
Apache Blvd & College Ave,16.75,1
Apache Blvd & College Ave,17,3
Apache Blvd & College Ave,17,11
Apache Blvd & College Ave,17,2
Apache Blvd & College Ave,17,1
Apache Blvd & College Ave,17.25,3
Apache Blvd & College Ave,17.25,19
Apache Blvd & College Ave,17.25,7
Apache Blvd & College Ave,17.25,0
Apache Blvd & College Ave,17.5,2
Apache Blvd & College Ave,17.5,10
Apache Blvd & College Ave,17.5,2
Apache Blvd & College Ave,17.5,0
Apache Blvd & College Ave,17.75,5
Apache Blvd & College Ave,17.75,11
Apache Blvd & College Ave,17.75,7
Apache Blvd & College Ave,17.75,3
Lemon St & Rural Rd,16,8
Lemon St & Rural Rd,16,5
Lemon St & Rural Rd,16,6
Lemon St & Rural Rd,16,3
Lemon St & Rural Rd,16.25,9
Lemon St & Rural Rd,16.25,4
Lemon St & Rural Rd,16.25,10
Lemon St & Rural Rd,16.25,3
Lemon St & Rural Rd,16.5,4
Lemon St & Rural Rd,16.5,6
Lemon St & Rural Rd,16.5,10
Lemon St & Rural Rd,16.5,3
Lemon St & Rural Rd,16.75,4
Lemon St & Rural Rd,16.75,3
Lemon St & Rural Rd,16.75,4
Lemon St & Rural Rd,16.75,3
Lemon St & Rural Rd,17,4
Lemon St & Rural Rd,17,3
Lemon St & Rural Rd,17,6
Lemon St & Rural Rd,17,2
Lemon St & Rural Rd,17.25,4
Lemon St & Rural Rd,17.25,8
Lemon St & Rural Rd,17.25,5
Lemon St & Rural Rd,17.25,2
Lemon St & Rural Rd,17.5,4
Lemon St & Rural Rd,17.5,7
Lemon St & Rural Rd,17.5,3
Lemon St & Rural Rd,17.5,1
Lemon St & Rural Rd,17.75,1
Lemon St & Rural Rd,17.75,4
Lemon St & Rural Rd,17.75,9
Lemon St & Rural Rd,17.75,8
Lemon St & Rural Rd,16,2
Lemon St & Rural Rd,16,8
Lemon St & Rural Rd,16,5
Lemon St & Rural Rd,16,1
Lemon St & Rural Rd,16.25,2
Lemon St & Rural Rd,16.25,3
Lemon St & Rural Rd,16.25,7
Lemon St & Rural Rd,16.25,9
Lemon St & Rural Rd,16.5,3
Lemon St & Rural Rd,16.5,10
Lemon St & Rural Rd,16.5,5
Lemon St & Rural Rd,16.5,2
Lemon St & Rural Rd,16.75,0
Lemon St & Rural Rd,16.75,2
Lemon St & Rural Rd,16.75,3
Lemon St & Rural Rd,16.75,1
Lemon St & Rural Rd,17,0
Lemon St & Rural Rd,17,5
Lemon St & Rural Rd,17,5
Lemon St & Rural Rd,17,3
Lemon St & Rural Rd,17.25,0
Lemon St & Rural Rd,17.25,3
Lemon St & Rural Rd,17.25,1
Lemon St & Rural Rd,17.25,2
Lemon St & Rural Rd,17.5,3
Lemon St & Rural Rd,17.5,5
Lemon St & Rural Rd,17.5,5
Lemon St & Rural Rd,17.5,4
Lemon St & Rural Rd,17.75,1
Lemon St & Rural Rd,17.75,5
Lemon St & Rural Rd,17.75,5
Lemon St & Rural Rd,17.75,6
Lemon St & Rural Rd,7,0
Lemon St & Rural Rd,7,1
Lemon St & Rural Rd,7,0
Lemon St & Rural Rd,7,0
Lemon St & Rural Rd,7.25,0
Lemon St & Rural Rd,7.25,2
Lemon St & Rural Rd,7.25,1
Lemon St & Rural Rd,7.25,1
Lemon St & Rural Rd,7.5,0
Lemon St & Rural Rd,7.5,1
Lemon St & Rural Rd,7.5,0
Lemon St & Rural Rd,7.5,1
Lemon St & Rural Rd,7.75,4
Lemon St & Rural Rd,7.75,0
Lemon St & Rural Rd,7.75,4
Lemon St & Rural Rd,7.75,13
Lemon St & Rural Rd,8,1
Lemon St & Rural Rd,8,0
Lemon St & Rural Rd,8,1
Lemon St & Rural Rd,8,2
Lemon St & Rural Rd,8.25,2
Lemon St & Rural Rd,8.25,0
Lemon St & Rural Rd,8.25,2
Lemon St & Rural Rd,8.25,7
Lemon St & Rural Rd,8.5,1
Lemon St & Rural Rd,8.5,1
Lemon St & Rural Rd,8.5,1
Lemon St & Rural Rd,8.5,8
Lemon St & Rural Rd,8.75,1
Lemon St & Rural Rd,8.75,1
Lemon St & Rural Rd,8.75,2
Lemon St & Rural Rd,8.75,14
Broadway Rd & College Ave,7,2
Broadway Rd & College Ave,7,1
Broadway Rd & College Ave,7,0
Broadway Rd & College Ave,7,0
Broadway Rd & College Ave,7.25,3
Broadway Rd & College Ave,7.25,1
Broadway Rd & College Ave,7.25,0
Broadway Rd & College Ave,7.25,1
Broadway Rd & College Ave,7.5,10
Broadway Rd & College Ave,7.5,3
Broadway Rd & College Ave,7.5,0
Broadway Rd & College Ave,7.5,0
Broadway Rd & College Ave,7.75,14
Broadway Rd & College Ave,7.75,0
Broadway Rd & College Ave,7.75,0
Broadway Rd & College Ave,7.75,0
Broadway Rd & College Ave,8,10
Broadway Rd & College Ave,8,3
Broadway Rd & College Ave,8,0
Broadway Rd & College Ave,8,1
Broadway Rd & College Ave,8.25,9
Broadway Rd & College Ave,8.25,3
Broadway Rd & College Ave,8.25,1
Broadway Rd & College Ave,8.25,0
Broadway Rd & College Ave,8.5,13
Broadway Rd & College Ave,8.5,2
Broadway Rd & College Ave,8.5,1
Broadway Rd & College Ave,8.5,1
Broadway Rd & College Ave,8.75,26
Broadway Rd & College Ave,8.75,2
Broadway Rd & College Ave,8.75,1
Broadway Rd & College Ave,8.75,5
Broadway Rd & College Ave,7,2
Broadway Rd & College Ave,7,0
Broadway Rd & College Ave,7,1
Broadway Rd & College Ave,7,0
Broadway Rd & College Ave,7.25,4
Broadway Rd & College Ave,7.25,0
Broadway Rd & College Ave,7.25,1
Broadway Rd & College Ave,7.25,0
Broadway Rd & College Ave,7.5,12
Broadway Rd & College Ave,7.5,3
Broadway Rd & College Ave,7.5,0
Broadway Rd & College Ave,7.5,0
Broadway Rd & College Ave,7.75,13
Broadway Rd & College Ave,7.75,1
Broadway Rd & College Ave,7.75,1
Broadway Rd & College Ave,7.75,1
Broadway Rd & College Ave,8,6
Broadway Rd & College Ave,8,0
Broadway Rd & College Ave,8,0
Broadway Rd & College Ave,8,0
Broadway Rd & College Ave,8.25,10
Broadway Rd & College Ave,8.25,1
Broadway Rd & College Ave,8.25,1
Broadway Rd & College Ave,8.25,1
Broadway Rd & College Ave,8.5,16
Broadway Rd & College Ave,8.5,1
Broadway Rd & College Ave,8.5,2
Broadway Rd & College Ave,8.5,1
Broadway Rd & College Ave,8.75,13
Broadway Rd & College Ave,8.75,2
Broadway Rd & College Ave,8.75,1
Broadway Rd & College Ave,8.75,0
Curry Rd & College Ave,7,1
Curry Rd & College Ave,7,0
Curry Rd & College Ave,7,0
Curry Rd & College Ave,7,0
Curry Rd & College Ave,7.25,1
Curry Rd & College Ave,7.25,3
Curry Rd & College Ave,7.25,0
Curry Rd & College Ave,7.25,0
Curry Rd & College Ave,7.5,1
Curry Rd & College Ave,7.5,1
Curry Rd & College Ave,7.5,0
Curry Rd & College Ave,7.5,0
Curry Rd & College Ave,7.75,0
Curry Rd & College Ave,7.75,1
Curry Rd & College Ave,7.75,2
Curry Rd & College Ave,7.75,0
Curry Rd & College Ave,8,0
Curry Rd & College Ave,8,1
Curry Rd & College Ave,8,1
Curry Rd & College Ave,8,0
Curry Rd & College Ave,8.25,0
Curry Rd & College Ave,8.25,2
Curry Rd & College Ave,8.25,0
Curry Rd & College Ave,8.25,0
Curry Rd & College Ave,8.5,0
Curry Rd & College Ave,8.5,2
Curry Rd & College Ave,8.5,2
Curry Rd & College Ave,8.5,0
Curry Rd & College Ave,8.75,0
Curry Rd & College Ave,8.75,1
Curry Rd & College Ave,8.75,1
Curry Rd & College Ave,8.75,2
Curry Rd & College Ave,16,0
Curry Rd & College Ave,16,0
Curry Rd & College Ave,16,1
Curry Rd & College Ave,16,0
Curry Rd & College Ave,16.25,1
Curry Rd & College Ave,16.25,1
Curry Rd & College Ave,16.25,4
Curry Rd & College Ave,16.25,0
Curry Rd & College Ave,16.5,1
Curry Rd & College Ave,16.5,1
Curry Rd & College Ave,16.5,0
Curry Rd & College Ave,16.5,1
Curry Rd & College Ave,16.75,2
Curry Rd & College Ave,16.75,2
Curry Rd & College Ave,16.75,2
Curry Rd & College Ave,16.75,1
Curry Rd & College Ave,17,1
Curry Rd & College Ave,17,1
Curry Rd & College Ave,17,0
Curry Rd & College Ave,17,1
Curry Rd & College Ave,17.25,1
Curry Rd & College Ave,17.25,5
Curry Rd & College Ave,17.25,3
Curry Rd & College Ave,17.25,0
Curry Rd & College Ave,17.5,1
Curry Rd & College Ave,17.5,2
Curry Rd & College Ave,17.5,2
Curry Rd & College Ave,17.5,0
Curry Rd & College Ave,17.75,1
Curry Rd & College Ave,17.75,0
Curry Rd & College Ave,17.75,0
Curry Rd & College Ave,17.75,0
Curry Rd & College Ave,7,0
Curry Rd & College Ave,7,0
Curry Rd & College Ave,7,1
Curry Rd & College Ave,7,0
Curry Rd & College Ave,7.25,0
Curry Rd & College Ave,7.25,2
Curry Rd & College Ave,7.25,0
Curry Rd & College Ave,7.25,0
Curry Rd & College Ave,7.5,0
Curry Rd & College Ave,7.5,0
Curry Rd & College Ave,7.5,0
Curry Rd & College Ave,7.5,2
Curry Rd & College Ave,7.75,0
Curry Rd & College Ave,7.75,0
Curry Rd & College Ave,7.75,0
Curry Rd & College Ave,7.75,0
Curry Rd & College Ave,8,0
Curry Rd & College Ave,8,0
Curry Rd & College Ave,8,0
Curry Rd & College Ave,8,1
Curry Rd & College Ave,8.25,0
Curry Rd & College Ave,8.25,2
Curry Rd & College Ave,8.25,0
Curry Rd & College Ave,8.25,0
Curry Rd & College Ave,8.5,0
Curry Rd & College Ave,8.5,2
Curry Rd & College Ave,8.5,0
Curry Rd & College Ave,8.5,0
Curry Rd & College Ave,8.75,0
Curry Rd & College Ave,8.75,0
Curry Rd & College Ave,8.75,1
Curry Rd & College Ave,8.75,1
Broadway Rd & Hardy Dr,16,1
Broadway Rd & Hardy Dr,16,0
Broadway Rd & Hardy Dr,16,0
Broadway Rd & Hardy Dr,16,0
Broadway Rd & Hardy Dr,16.25,1
Broadway Rd & Hardy Dr,16.25,0
Broadway Rd & Hardy Dr,16.25,1
Broadway Rd & Hardy Dr,16.25,0
Broadway Rd & Hardy Dr,16.5,2
Broadway Rd & Hardy Dr,16.5,1
Broadway Rd & Hardy Dr,16.5,0
Broadway Rd & Hardy Dr,16.5,0
Broadway Rd & Hardy Dr,16.75,0
Broadway Rd & Hardy Dr,16.75,2
Broadway Rd & Hardy Dr,16.75,1
Broadway Rd & Hardy Dr,16.75,0
Broadway Rd & Hardy Dr,17,0
Broadway Rd & Hardy Dr,17,1
Broadway Rd & Hardy Dr,17,0
Broadway Rd & Hardy Dr,17,1
Broadway Rd & Hardy Dr,17.25,1
Broadway Rd & Hardy Dr,17.25,1
Broadway Rd & Hardy Dr,17.25,0
Broadway Rd & Hardy Dr,17.25,2
Broadway Rd & Hardy Dr,17.5,0
Broadway Rd & Hardy Dr,17.5,0
Broadway Rd & Hardy Dr,17.5,0
Broadway Rd & Hardy Dr,17.5,0
Broadway Rd & Hardy Dr,17.75,0
Broadway Rd & Hardy Dr,17.75,3
Broadway Rd & Hardy Dr,17.75,1
Broadway Rd & Hardy Dr,17.75,0
Broadway Rd & Hardy Dr,16,4
Broadway Rd & Hardy Dr,16,3
Broadway Rd & Hardy Dr,16,4
Broadway Rd & Hardy Dr,16,0
Broadway Rd & Hardy Dr,16.25,2
Broadway Rd & Hardy Dr,16.25,2
Broadway Rd & Hardy Dr,16.25,2
Broadway Rd & Hardy Dr,16.25,0
Broadway Rd & Hardy Dr,16.5,1
Broadway Rd & Hardy Dr,16.5,3
Broadway Rd & Hardy Dr,16.5,0
Broadway Rd & Hardy Dr,16.5,0
Broadway Rd & Hardy Dr,16.75,4
Broadway Rd & Hardy Dr,16.75,2
Broadway Rd & Hardy Dr,16.75,1
Broadway Rd & Hardy Dr,16.75,0
Broadway Rd & Hardy Dr,17,0
Broadway Rd & Hardy Dr,17,1
Broadway Rd & Hardy Dr,17,0
Broadway Rd & Hardy Dr,17,0
Broadway Rd & Hardy Dr,17.25,0
Broadway Rd & Hardy Dr,17.25,2
Broadway Rd & Hardy Dr,17.25,0
Broadway Rd & Hardy Dr,17.25,1
Broadway Rd & Hardy Dr,17.5,5
Broadway Rd & Hardy Dr,17.5,3
Broadway Rd & Hardy Dr,17.5,1
Broadway Rd & Hardy Dr,17.5,0
Broadway Rd & Hardy Dr,17.75,2
Broadway Rd & Hardy Dr,17.75,2
Broadway Rd & Hardy Dr,17.75,0
Broadway Rd & Hardy Dr,17.75,0
Broadway Rd & Hardy Dr,16,1
Broadway Rd & Hardy Dr,16,3
Broadway Rd & Hardy Dr,16,0
Broadway Rd & Hardy Dr,16,1
Broadway Rd & Hardy Dr,16.25,0
Broadway Rd & Hardy Dr,16.25,0
Broadway Rd & Hardy Dr,16.25,0
Broadway Rd & Hardy Dr,16.25,0
Broadway Rd & Hardy Dr,16.5,2
Broadway Rd & Hardy Dr,16.5,0
Broadway Rd & Hardy Dr,16.5,1
Broadway Rd & Hardy Dr,16.5,0
Broadway Rd & Hardy Dr,16.75,2
Broadway Rd & Hardy Dr,16.75,1
Broadway Rd & Hardy Dr,16.75,2
Broadway Rd & Hardy Dr,16.75,1
Broadway Rd & Hardy Dr,17,0
Broadway Rd & Hardy Dr,17,2
Broadway Rd & Hardy Dr,17,0
Broadway Rd & Hardy Dr,17,0
Broadway Rd & Hardy Dr,17.25,0
Broadway Rd & Hardy Dr,17.25,1
Broadway Rd & Hardy Dr,17.25,1
Broadway Rd & Hardy Dr,17.25,0
Broadway Rd & Hardy Dr,17.5,1
Broadway Rd & Hardy Dr,17.5,2
Broadway Rd & Hardy Dr,17.5,1
Broadway Rd & Hardy Dr,17.5,0
Broadway Rd & Hardy Dr,17.75,0
Broadway Rd & Hardy Dr,17.75,2
Broadway Rd & Hardy Dr,17.75,0
Broadway Rd & Hardy Dr,17.75,1
Alameda Dr & College Ave,7,3
Alameda Dr & College Ave,7,1
Alameda Dr & College Ave,7,0
Alameda Dr & College Ave,7,0
Alameda Dr & College Ave,7.25,2
Alameda Dr & College Ave,7.25,1
Alameda Dr & College Ave,7.25,1
Alameda Dr & College Ave,7.25,2
Alameda Dr & College Ave,7.5,8
Alameda Dr & College Ave,7.5,3
Alameda Dr & College Ave,7.5,1
Alameda Dr & College Ave,7.5,5
Alameda Dr & College Ave,7.75,7
Alameda Dr & College Ave,7.75,0
Alameda Dr & College Ave,7.75,1
Alameda Dr & College Ave,7.75,4
Alameda Dr & College Ave,8,8
Alameda Dr & College Ave,8,3
Alameda Dr & College Ave,8,0
Alameda Dr & College Ave,8,4
Alameda Dr & College Ave,8.25,12
Alameda Dr & College Ave,8.25,2
Alameda Dr & College Ave,8.25,3
Alameda Dr & College Ave,8.25,2
Alameda Dr & College Ave,8.5,16
Alameda Dr & College Ave,8.5,4
Alameda Dr & College Ave,8.5,2
Alameda Dr & College Ave,8.5,7
Alameda Dr & College Ave,8.75,10
Alameda Dr & College Ave,8.75,4
Alameda Dr & College Ave,8.75,1
Alameda Dr & College Ave,8.75,6
Alameda Dr & College Ave,7,6
Alameda Dr & College Ave,7,1
Alameda Dr & College Ave,7,1
Alameda Dr & College Ave,7,0
Alameda Dr & College Ave,7.25,5
Alameda Dr & College Ave,7.25,1
Alameda Dr & College Ave,7.25,0
Alameda Dr & College Ave,7.25,1
Alameda Dr & College Ave,7.5,3
Alameda Dr & College Ave,7.5,3
Alameda Dr & College Ave,7.5,0
Alameda Dr & College Ave,7.5,5
Alameda Dr & College Ave,7.75,6
Alameda Dr & College Ave,7.75,3
Alameda Dr & College Ave,7.75,2
Alameda Dr & College Ave,7.75,5
Alameda Dr & College Ave,8,8
Alameda Dr & College Ave,8,2
Alameda Dr & College Ave,8,3
Alameda Dr & College Ave,8,3
Alameda Dr & College Ave,8.25,8
Alameda Dr & College Ave,8.25,10
Alameda Dr & College Ave,8.25,4
Alameda Dr & College Ave,8.25,2
Alameda Dr & College Ave,8.5,52
Alameda Dr & College Ave,8.5,1
Alameda Dr & College Ave,8.5,2
Alameda Dr & College Ave,8.5,3
Alameda Dr & College Ave,8.75,13
Alameda Dr & College Ave,8.75,6
Alameda Dr & College Ave,8.75,1
Alameda Dr & College Ave,8.75,6
Alameda Dr & College Ave,16,0
Alameda Dr & College Ave,16,0
Alameda Dr & College Ave,16,0
Alameda Dr & College Ave,16,0
Alameda Dr & College Ave,16.25,10
Alameda Dr & College Ave,16.25,12
Alameda Dr & College Ave,16.25,1
Alameda Dr & College Ave,16.25,3
Alameda Dr & College Ave,16.5,6
Alameda Dr & College Ave,16.5,7
Alameda Dr & College Ave,16.5,0
Alameda Dr & College Ave,16.5,2
Alameda Dr & College Ave,16.75,2
Alameda Dr & College Ave,16.75,10
Alameda Dr & College Ave,16.75,0
Alameda Dr & College Ave,16.75,2
Alameda Dr & College Ave,17,2
Alameda Dr & College Ave,17,7
Alameda Dr & College Ave,17,0
Alameda Dr & College Ave,17,0
Alameda Dr & College Ave,17.25,3
Alameda Dr & College Ave,17.25,9
Alameda Dr & College Ave,17.25,0
Alameda Dr & College Ave,17.25,1
Alameda Dr & College Ave,17.5,2
Alameda Dr & College Ave,17.5,11
Alameda Dr & College Ave,17.5,1
Alameda Dr & College Ave,17.5,0
Alameda Dr & College Ave,17.75,3
Alameda Dr & College Ave,17.75,14
Alameda Dr & College Ave,17.75,2
Alameda Dr & College Ave,17.75,3
Alameda Dr & College Ave,7,0
Alameda Dr & College Ave,7,0
Alameda Dr & College Ave,7,0
Alameda Dr & College Ave,7,0
Alameda Dr & College Ave,7.25,2
Alameda Dr & College Ave,7.25,4
Alameda Dr & College Ave,7.25,0
Alameda Dr & College Ave,7.25,0
Alameda Dr & College Ave,7.5,2
Alameda Dr & College Ave,7.5,2
Alameda Dr & College Ave,7.5,0
Alameda Dr & College Ave,7.5,5
Alameda Dr & College Ave,7.75,4
Alameda Dr & College Ave,7.75,2
Alameda Dr & College Ave,7.75,1
Alameda Dr & College Ave,7.75,3
Alameda Dr & College Ave,8,6
Alameda Dr & College Ave,8,0
Alameda Dr & College Ave,8,2
Alameda Dr & College Ave,8,2
Alameda Dr & College Ave,8.25,16
Alameda Dr & College Ave,8.25,1
Alameda Dr & College Ave,8.25,0
Alameda Dr & College Ave,8.25,6
Alameda Dr & College Ave,8.5,5
Alameda Dr & College Ave,8.5,4
Alameda Dr & College Ave,8.5,5
Alameda Dr & College Ave,8.5,7
Alameda Dr & College Ave,8.75,14
Alameda Dr & College Ave,8.75,4
Alameda Dr & College Ave,8.75,0
Alameda Dr & College Ave,8.75,6
Alameda Dr & College Ave,16,7
Alameda Dr & College Ave,16,8
Alameda Dr & College Ave,16,0
Alameda Dr & College Ave,16,1
Alameda Dr & College Ave,16.25,5
Alameda Dr & College Ave,16.25,19
Alameda Dr & College Ave,16.25,0
Alameda Dr & College Ave,16.25,0
Alameda Dr & College Ave,16.5,2
Alameda Dr & College Ave,16.5,10
Alameda Dr & College Ave,16.5,0
Alameda Dr & College Ave,16.5,1
Alameda Dr & College Ave,16.75,4
Alameda Dr & College Ave,16.75,9
Alameda Dr & College Ave,16.75,0
Alameda Dr & College Ave,16.75,0
Alameda Dr & College Ave,17,2
Alameda Dr & College Ave,17,13
Alameda Dr & College Ave,17,2
Alameda Dr & College Ave,17,2
Alameda Dr & College Ave,17.25,2
Alameda Dr & College Ave,17.25,21
Alameda Dr & College Ave,17.25,0
Alameda Dr & College Ave,17.25,0
Alameda Dr & College Ave,17.5,3
Alameda Dr & College Ave,17.5,8
Alameda Dr & College Ave,17.5,1
Alameda Dr & College Ave,17.5,0
Alameda Dr & College Ave,17.75,4
Alameda Dr & College Ave,17.75,10
Alameda Dr & College Ave,17.75,2
Alameda Dr & College Ave,17.75,0